titulo,precio_mxn,disponibilidad
José Madero,0.0,En existencia
José Madero,0.0,En existencia
Elton John,0.0,En existencia
Elton John,0.0,En existencia
Aitana,0.0,En existencia
Randy Newman,0.0,En existencia
Stray Kids,0.0,En existencia
Stray Kids,0.0,En existencia
Stray Kids,0.0,En existencia
Stray Kids,0.0,En existencia
Stray Kids,0.0,En existencia
José Madero,0.0,En existencia
José Madero,0.0,En existencia
José Madero,0.0,En existencia
José Madero,0.0,En existencia
The Who,0.0,En existencia
Movements,0.0,En existencia
Bratty,0.0,En existencia
Bratty,0.0,En existencia
Paquita La Del Barrio,0.0,En existencia
Freya Skye,0.0,En existencia
TROYE SIVAN,0.0,En existencia
Sabrina Carpenter,0.0,En existencia
Tears For Fears,0.0,En existencia
Danny Elfman,0.0,En existencia
Alvaro Diaz,0.0,En existencia
Alvaro Diaz,0.0,En existencia
Tears For Fears,0.0,En existencia
Olivia Rodrigo,0.0,En existencia
Olivia Rodrigo,0.0,En existencia
Mariah Carey,0.0,En existencia
Gotye,0.0,En existencia
Remi Wolf,0.0,En existencia
Remi Wolf,0.0,En existencia
Amy Winehouse,0.0,En existencia
Liquits,0.0,En existencia
KAROL G,0.0,En existencia
KAROL G,0.0,En existencia
TROYE SIVAN,0.0,En existencia
TROYE SIVAN,0.0,En existencia
Greta Van Fleet,0.0,En existencia
Greta Van Fleet,0.0,En existencia
Adéla,0.0,En existencia
Blink-182,0.0,En existencia
The Avalanches,0.0,En existencia
Morat,0.0,En existencia
Morat,0.0,En existencia
Niall Horan,0.0,En existencia
Ramón Ayala Y Sus Bravos Del Norte,0.0,En existencia
Bobby Pulido,0.0,En existencia
Pesado,0.0,En existencia
Lana Del Rey,0.0,En existencia
Matteo Bocelli,0.0,En existencia
Feid,0.0,En existencia
K-Paz De La Sierra,0.0,En existencia
Alfredo Olivas,0.0,En existencia
Demi Lovato,0.0,En existencia
Kali Uchis,0.0,En existencia
Billie Eilish,0.0,En existencia
Conjunto Primavera,0.0,En existencia
Julión Álvarez Y Su Norteño Banda,0.0,En existencia
Queen,0.0,En existencia
Sabrina Carpenter,0.0,En existencia
Aitana,0.0,En existencia
Demi Lovato,0.0,En existencia
The Chemical Brothers,0.0,En existencia
TIMØ,0.0,En existencia
Café Tacvba,0.0,En existencia
Sabrina Carpenter,0.0,En existencia
Niall Horan,0.0,En existencia
SAM SMITH,0.0,En existencia
Demi Lovato,0.0,En existencia
Calibre 50,0.0,En existencia
Café Tacvba,0.0,En existencia
Los Tigres Del Norte,0.0,En existencia
Juan Gabriel,0.0,En existencia
Alejandro Sanz,0.0,En existencia
Bobby Pulido,0.0,En existencia
Juan Gabriel,0.0,En existencia
The Killers,0.0,En existencia
SAM SMITH,0.0,En existencia
Óscar Chávez,0.0,En existencia
Young Miko,0.0,En existencia
Juan Gabriel,0.0,En existencia
Arjona,0.0,En existencia
Freddie Mercury,0.0,En existencia
Christian Nodal,0.0,En existencia
Shakira,0.0,En existencia
The Rolling Stones,0.0,En existencia
Drake,0.0,En existencia
Alejandro Fernández,0.0,En existencia
Aitana,0.0,En existencia
EL DE LA TINTA,0.0,En existencia
EL DE LA TINTA,0.0,En existencia
Adéla,0.0,En existencia
Los Meñiques de la Casa,0.0,En existencia
Los Meñiques de la Casa,0.0,En existencia
Los Meñiques de la Casa,0.0,En existencia
Los Meñiques de la Casa,0.0,En existencia
Los Meñiques de la Casa,0.0,En existencia
Los Meñiques de la Casa,0.0,En existencia
FONO,0.0,En existencia
Alvaro Diaz,0.0,En existencia
FONO,0.0,En existencia
FONO,0.0,En existencia
FONO,0.0,En existencia
Viva Suecia,0.0,En existencia
Viva Suecia,0.0,En existencia
Liberación,0.0,En existencia
Marco Antonio Solís,0.0,En existencia
Marco Antonio Solís,0.0,En existencia
Marco Antonio Solís,0.0,En existencia
Marco Antonio Solís,0.0,En existencia
Grupo Mojado,0.0,En existencia
Liberación,0.0,En existencia
Industria del Amor,0.0,En existencia
Grupo Bryndis,0.0,En existencia
Valentin Elizalde,0.0,En existencia
FONO,0.0,En existencia
FONO,0.0,En existencia
FONO,0.0,En existencia
FONO,0.0,En existencia
Carolina Ross,0.0,En existencia
Los Bukis,0.0,En existencia
Los Bukis,0.0,En existencia
Los Bukis,0.0,En existencia
Los Bukis,0.0,En existencia
Los Bukis,0.0,En existencia
Los Bukis,0.0,En existencia
Los Bukis,0.0,En existencia
Los Ángeles de Charly,0.0,En existencia
Banda Maguey,0.0,En existencia
Los Temerarios,0.0,En existencia
Liberación,0.0,En existencia
Grupo Bryndis,0.0,En existencia
Los Temerarios,0.0,En existencia
Valentin Elizalde,0.0,En existencia
Marco Antonio Solís,0.0,En existencia
Bobby Pulido,0.0,En existencia
Ana Barbara,0.0,En existencia
Alfredo Olivas,0.0,En existencia
Los Tigres Del Norte,0.0,En existencia
Los Tigres Del Norte,0.0,En existencia
Los Tigres Del Norte,0.0,En existencia
Grupo Límite,0.0,En existencia
La Arrolladora Banda El Limón De René Camacho,0.0,En existencia
La Arrolladora Banda El Limón De René Camacho,0.0,En existencia
Chiquis,0.0,En existencia
José María Napoleón,0.0,En existencia
